{
    "DistalPhalanxTW": {
        "0.25": [
            0.5414686148497359,
            0.6012009840568513
        ],
        "0.5": [
            0.4921635090204971,
            0.4836094654223266,
            0.4945172770593347
        ],
        "1": [
            0.42829015818738947,
            0.46017885138411313,
            0.44548734529035966,
            0.42516327629819406,
            0.4248015966409583,
            0.4182669809624538
        ],
        "1.5": [
            0.4012150976392356,
            0.4140817412588637,
            0.40137001954992463,
            0.3815829505944226,
            0.4190969376520071,
            0.4318473564799373,
            0.42157320914668917,
            0.41765205982220344,
            0.40401617095296877
        ],
        "2": [
            0.4215440926188082,
            0.3755941655280558,
            0.38647493598108656,
            0.3481016630534831,
            0.3885804923577718,
            0.38062136741507485,
            0.3640989987418679,
            0.34494474400336594,
            0.3755961478300451,
            0.4097489293454316,
            0.3850495109835366,
            0.41856485774367924
        ]
    },
    "ECG200": {
        "0.25": [
            6.846876066982995
        ],
        "0.5": [
            6.825620074811941
        ],
        "1": [
            5.977758043505815,
            6.167484005156665
        ],
        "1.5": [
            5.339970801502556,
            5.488926290923297,
            5.534336970795039
        ],
        "2": [
            5.158614395452046,
            4.9363759563514815,
            5.048525575759061,
            4.917877790791588
        ]
    },
    "ItalyPowerDemand": {
        "0.25": [
            2.2249671291474202
        ],
        "0.5": [
            2.216624852430942
        ],
        "1": [
            1.6740223127342007,
            1.6445347492979485
        ],
        "1.5": [
            1.3257438543019082,
            1.3548081294727716,
            1.2716030099054099
        ],
        "2": [
            1.0853252935454383,
            1.1031675250808506,
            1.166128512456111,
            1.0904302963077561
        ]
    },
    "MedicalImages": {
        "0.25": [
            9.183847639430006,
            9.569347445840787
        ],
        "0.5": [
            7.417846335067535,
            7.233398815407074,
            7.672310794411793,
            7.491024965128389,
            7.162468014876417
        ],
        "1": [
            5.877964779754016,
            6.28119113677071,
            6.2570758061727885,
            6.540607038632101,
            6.356035990641571,
            6.141262850007679,
            5.773131463098169,
            6.15456194177721,
            5.87304098571181,
            6.071621350364351
        ],
        "1.5": [
            5.839340247557677,
            5.0317526050181245,
            5.837440041514514,
            4.964560275542514,
            5.51850935936982,
            5.531294660331962,
            5.5459459917674465,
            5.73917693254972,
            5.508326971186597,
            5.453488736841265,
            5.277397394721228,
            5.675612000141019,
            5.7924656881983045,
            5.805435973761979,
            5.307271017396709
        ],
        "2": [
            5.267452754230006,
            4.862521606315653,
            5.092407262279899,
            5.191903189607026,
            5.0648518959400075,
            5.010677784012602,
            4.876348436161545,
            4.861185611578829,
            4.833124800303553,
            4.818086799750738,
            4.858215272844665,
            4.902112853194955,
            4.8294488746900335,
            5.274861860181968,
            5.386575314643617,
            4.794005263131578,
            4.614116813332318,
            5.09851134580374,
            5.302145535644444,
            4.956257267208046
        ]
    },
	"ProximalPhalanxOutlineCorrect": {
        "0.25": [
            0.49004804916849365
        ],
        "0.5": [
            0.4907788081461101
        ],
        "1": [
            0.2693249314225798,
            0.2592337840979186
        ],
        "1.5": [
            0.23087212681489439,
            0.22022957130534437,
            0.23385211796488145
        ],
        "2": [
            0.21388994098596995,
            0.212031227126795,
            0.2100018864108258,
            0.2211259297248668
        ]
    },
    "ProximalPhalanxTW": {
        "0.25": [
            0.2411892658390181,
            0.2450764956245322
        ],
        "0.5": [
            0.20602825304901878,
            0.20955441957357718,
            0.2120117448366073
        ],
        "1": [
            0.18302121782601932,
            0.1813326932664834,
            0.18276164821943752,
            0.18150461441117133,
            0.1943827116389028,
            0.1880014320033916
        ],
        "1.5": [
            0.17548995903384682,
            0.17253771128672749,
            0.16948732660253868,
            0.17463515008237357,
            0.1780639459886714,
            0.17746095556216696,
            0.17131957764608446,
            0.18112361441536934,
            0.18272115997265662
        ],
        "2": [
            0.16953620486324256,
            0.16923273791135324,
            0.16665200348105583,
            0.1661578012032922,
            0.16196071857013217,
            0.17404441342909246,
            0.16643428738610982,
            0.17099486885068965,
            0.16640576551045314,
            0.16129201650526664,
            0.1678032849209264,
            0.16092812716846872
        ]
    },
    "SmoothSubspace": {
        "0.25": [
            0.39590254340343634
        ],
        "0.5": [
            0.32357430659595215,
            0.3216809222952234
        ],
        "1": [
            0.2944758879707006,
            0.29650472761749935,
            0.2978450229219594
        ],
        "1.5": [
            0.28066854447741757,
            0.28390073666502713,
            0.28365333216453237,
            0.2775242904663159
        ],
        "2": [
            0.2590396634288035,
            0.2651356807713533,
            0.2600420991271028,
            0.2644043462835233,
            0.25989348106668786,
            0.2601142038469008
        ]
    },
	"Chinatown": {
        "0.25": [
            333350.96899078344
        ],
        "0.5": [
            333021.0614892355
        ],
        "1": [
            208828.60278933524,
            214801.76353630194
        ],
        "1.5": [
            157673.4020964685,
            173736.6786328501,
            156614.59856769236
        ],
        "2": [
            123679.28071506738,
            128178.72948160254,
            137589.98124566,
            133600.06283203352
        ]
    },
    "DistalPhalanxOutlineAgeGroup": {
        "0.25": [
            1.2928071718258594
        ],
        "0.5": [
            0.5310384604282589,
            0.5631067594885932
        ],
        "1": [
            0.4730424432478344,
            0.4991091560405957,
            0.4648253303990633
        ],
        "1.5": [
            0.44346616149795803,
            0.4515720390557216,
            0.4570575679013097,
            0.4507370727658143
        ],
        "2": [
            0.4195139801887561,
            0.4405263967979661,
            0.40912564838637244,
            0.4128446952514168,
            0.4371789885354719,
            0.46557650570585896
        ]
    },
    "DistalPhalanxOutlineCorrect": {
        "0.25": [
            1.4831855993371172
        ],
        "0.5": [
            1.4817180799862957
        ],
        "1": [
            0.9086951804535829,
            0.8719803829524475
        ],
        "1.5": [
            0.868933400129403,
            0.8745788516231053,
            0.9103540029672372
        ],