{
    "Fish":{
        "0.25":[
            2.4234709556552487,
            2.436164953028041
        ],
        "0.5":[
            2.194367975648577,
            2.210005186794535,
            2.2044690567837164,
            2.2955455981349573
        ],
        "1":[
            2.1781113001085224,
            1.8887207425297583,
            2.0862161435704265,
            2.1994940682325943,
            1.9214126818016146,
            2.0390070599837773,
            1.9545531144389023
        ],
        "1.5":[
            1.9909219433200684,
            1.91302005730433,
            2.016932208294343,
            1.927029760917707,
            1.886760470687421,
            1.6972630929799601,
            1.9150457640252305,
            1.8920298024769466,
            2.050710302174638,
            1.9865344498990363
        ],
        "2":[
            1.8448560846794568,
            1.6015955715875274,
            1.7542032672241912,
            1.9440196750222742,
            1.621196986457311,
            1.76093242968853,
            1.8022135654285265,
            1.8350701176568078,
            1.7952741513437926,
            1.8064895137226191,
            1.8443294317436472,
            2.2574582772479275,
            2.150004881753563,
            1.7302510474689743
        ]
    },
    "Earthquakes":{
        "0.25":[
            142.131730785944
        ],
        "0.5":[
            137.39291239343012
        ],
        "1":[
            490.51734197708953,
            1005.0413921232239
        ],
        "1.5":[
            235.13720062380656,
            320.49665057643756,
            437.8493977555423
        ],
        "2":[
            115.60095454107616,
            278.2022034263402,
            147.7486814967217,
            175.89324330521467
        ]
    },
    "Beef":{
        "0.25":[
            26.183428584545194
        ],
        "0.5":[
            22.467893097541605,
            20.096231496929263
        ],
        "1":[
            7.4576427299925925,
            7.813615170964222,
            11.000731394342742,
            18.581666414987637,
            10.384468432930722
        ],
        "1.5":[
            6.09548850208748,
            4.110566024953633,
            6.463033919767224,
            6.853974026706049,
            6.164133726664297,
            8.644661130347242,
            7.020324237928032,
            6.016777033803969
        ],
        "2":[
            2.919027954990909,
            3.162397313789536,
            4.714389188180168,
            3.5651354056256195,
            3.7379753705446497,
            5.543481530305948,
            7.786519542918694,
            6.682045062012666,
            9.407191736384789,
            4.527310361676865
        ]
    },
    "BirdChicken":{
        "0.25":[
            33.202426648398685
        ],
        "0.5":[
            33.06436050702677
        ],
        "1":[
            27.62511046546281,
            28.41093497155477
        ],
        "1.5":[
            24.965720180347155,
            25.50898807600338,
            24.47814535365972
        ],
        "2":[
            20.893874118684447,
            22.093338277119777,
            22.72354565179179,
            20.31584706070589
        ]
    },
    "Car":{
        "0.25":[
            4.944857276956477
        ],
        "0.5":[
            5.311178499424353,
            5.40537002014884
        ],
        "1":[
            4.989764034681587,
            4.868438424488158,
            4.700022854669561,
            4.644316070425576
        ],
        "1.5":[
            3.9140784871925134,
            4.27554551942197,
            3.623400998246207,
            3.8952597923989294,
            3.924728143908071,
            4.032344732653947
        ],
        "2":[
            3.397884222500077,
            3.459318244319649,
            3.599219292103805,
            3.1266291557716226,
            4.2821052183849515,
            3.0186061317101798,
            2.9835117183919917,
            2.745539320166831
        ]
    },
    "Lightning2":{
        "0.25":[
            81.48636346436248
        ],
        "0.5":[
            81.65136872960434
        ],
        "1":[
            83.71180757133295,
            75.5927892287564
        ],
        "1.5":[
            71.70117761350619,
            78.96517156696471,
            78.36598449795325
        ],
        "2":[
            72.90356644197612,
            73.7512276266273,
            70.6704453235195,
            74.19196061183297
        ]
    },
    "InsectEPGRegularTrain":{
        "0.25":[
            116.39634825138654
        ],
        "0.5":[
            44.745669549687086,
            50.646774611122254
        ],
        "1":[
            33.26734379301588,
            64.06111388404474,
            27.879285462419112
        ],
        "1.5":[
            25.041084812779822,
            151.18471084645466,
            248.36676552371318,
            28.518996372398483
        ],
        "2":[
            22.73313335042927,
            167.63866103908862,
            352.73219814538254,
            257.7116368736424,
            191.60794573626387,
            29.779641612602404
        ]
    }
}